Jumlah AK,Pengeluaran Perkapita,PDRB provinsi,Upah (Rupiah Jam),PP IKM (Y to Y),PDRB (Rupiah) perkapita,Penduduk (ribu jiwa),Gini Ratio,PK-K,PK-M,PK-B,Industri Mikro,Industri Kecil,Prediksi Pengangguran
2604452.0,1225976196.0,4.23,17585.0,10.64,41424.0,5409.2,0.296,6904.0,848.0,22.0,106527.0,3999.0,77169.06418577477
8021622.0,1305339354.0,5.01,17609.0,5.73,68306.0,15180.5,0.309,7677.0,1182.0,36.0,119539.0,7368.0,579449.0717811335
3024430.0,1411823462.0,4.62,16694.0,1.64,54327.0,5677.6,0.28,5340.0,546.0,38.0,84077.0,4144.0,128090.73297026644
3134788.0,1527549355.0,4.21,18413.0,-3.17,154522.0,6555.8,0.324,6024.0,1005.0,54.0,60273.0,2090.0,170694.65676779632
